From;To;Type;Through;start_x;start_y;stop_x;stop_y;Comment
5857;5851;sea;6980;-1;-1;-1;-1;mod
5851;5844;sea;6980;-1;-1;-1;-1;mod
5846;5848;sea;6975;-1;-1;-1;-1;mod
3249;3252;sea;6993;-1;-1;-1;-1;mod
3249;3254;sea;6993;-1;-1;-1;-1;mod
3248;3252;sea;6988;-1;-1;-1;-1;mod
3248;3250;sea;6988;-1;-1;-1;-1;mod
3246;3248;sea;6988;-1;-1;-1;-1;mod
3246;3244;sea;6988;-1;-1;-1;-1;mod
3246;3247;sea;6988;-1;-1;-1;-1;mod
3256;3247;sea;6988;-1;-1;-1;-1;mod
6110;6116;sea;6992;-1;-1;-1;-1;mod
6110;6109;sea;6992;-1;-1;-1;-1;mod
6110;6108;sea;6992;-1;-1;-1;-1;mod
6111;6105;sea;6992;-1;-1;-1;-1;mod
6100;6102;sea;6992;-1;-1;-1;-1;mod
656;2699;sea;1468;-1;-1;-1;-1;mod
4832;4829;sea;1585;-1;-1;-1;-1;mod
4828;402;sea;6999;-1;-1;-1;-1;mod
4821;402;sea;6999;-1;-1;-1;-1;mod
2201;2198;sea;1605;-1;-1;-1;-1;mod
2201;858;sea;1605;-1;-1;-1;-1;mod
2642;858;sea;1605;-1;-1;-1;-1;mod
2641;2623;sea;1599;-1;-1;-1;-1;mod
5277;361;sea;1607;-1;-1;-1;-1;mod
1231;5237;sea;1536;-1;-1;-1;-1;mod
2578;1050;sea;1538;-1;-1;-1;-1;mod
2078;1050;sea;1538;-1;-1;-1;-1;mod
1852;1050;sea;1538;-1;-1;-1;-1;mod
5240;2606;sea;1593;-1;-1;-1;-1;mod
1850;2606;sea;1593;-1;-1;-1;-1;mod
1850;2698;sea;1593;-1;-1;-1;-1;mod
411;1810;sea;1589;-1;-1;-1;-1;mod
625;5226;sea;1595;-1;-1;-1;-1;mod
625;5270;sea;1595;-1;-1;-1;-1;mod
625;5235;sea;1595;-1;-1;-1;-1;mod
5236;363;sea;1595;-1;-1;-1;-1;mod
2382;1029;sea;1444;-1;-1;-1;-1;mod
5231;1027;sea;1443;-1;-1;-1;-1;mod
348;1027;sea;1443;-1;-1;-1;-1;mod
2210;628;sea;1335;-1;-1;-1;-1;mod
6038;6037;sea;6952;-1;-1;-1;-1;mod
3000;1765;sea;1460;-1;-1;-1;-1;mod
3000;2750;sea;1460;-1;-1;-1;-1;mod
3000;2827;sea;1460;-1;-1;-1;-1;mod
1931;254;sea;1603;-1;-1;-1;-1;mod
1864;254;sea;1603;-1;-1;-1;-1;mod
1864;2696;sea;1604;-1;-1;-1;-1;mod
1864;2299;sea;1604;-1;-1;-1;-1;mod
326;2299;sea;1604;-1;-1;-1;-1;mod
326;328;sea;1602;2664;1716;2663;1714;x
418;407;sea;1671;-1;-1;-1;-1;mod
418;330;sea;1672;-1;-1;-1;-1;mod
327;407;sea;1671;-1;-1;-1;-1;mod
255;330;sea;1672;-1;-1;-1;-1;mod
95;418;sea;1672;-1;-1;-1;-1;mod
22;2005;sea;1734;-1;-1;-1;-1;mod
783;2256;sea;1379;-1;-1;-1;-1;mod
3001;1101;sea;1380;-1;-1;-1;-1;mod
3001;2293;sea;1380;-1;-1;-1;-1;mod
4706;5202;sea;6945;-1;-1;-1;-1;mod
4707;5114;sea;6944;-1;-1;-1;-1;mod
4710;1044;sea;6950;-1;-1;-1;-1;mod
5206;4700;sea;6950;-1;-1;-1;-1;mod
4710;4700;sea;6950;-1;-1;-1;-1;mod
102;4700;sea;1561;-1;-1;-1;-1;mod
102;1865;sea;1561;1896;2025;1893;2006;x
2712;1865;sea;1378;1902;1995;1894;2003;x
2712;674;sea;1378;-1;-1;-1;-1;mod
2712;641;sea;1378;-1;-1;-1;-1;mod
674;2533;sea;1378;-1;-1;-1;-1;mod
2533;641;sea;1980;-1;-1;-1;-1;mod
978;641;sea;1980;-1;-1;-1;-1;mod
978;2715;sea;1388;-1;-1;-1;-1;mod
643;2715;sea;1388;-1;-1;-1;-1;mod
643;2625;sea;1388;-1;-1;-1;-1;mod
405;1114;sea;1388;-1;-1;-1;-1;mod
338;2470;sea;1439;-1;-1;-1;-1;mod
2305;891;sea;1385;-1;-1;-1;-1;mod
2452;2448;sea;1389;-1;-1;-1;-1;mod
695;2499;sea;1404;-1;-1;-1;-1;mod
1135;2249;sea;1346;-1;-1;-1;-1;mod
742;2249;sea;1346;-1;-1;-1;-1;mod
5108;5107;sea;6875;-1;-1;-1;-1;mod
2873;2702;sea;1558;-1;-1;-1;-1;mod
2283;5170;sea;1360;-1;-1;-1;-1;mod
319;2601;sea;1352;-1;-1;-1;-1;mod
556;4516;sea;1642;-1;-1;-1;-1;mod
551;2703;sea;1450;-1;-1;-1;-1;mod
4594;4593;sea;7147;-1;-1;-1;-1;mod
5030;5039;lake;1890;-1;-1;-1;-1;mod
5047;5052;lake;3691;-1;-1;-1;-1;mod
5001;5004;sea;6852;-1;-1;-1;-1;mod
6402;6403;lake;6857;-1;-1;-1;-1;mod
2342;5326;sea;1406;-1;-1;-1;-1;mod
401;2472;sea;1430;-1;-1;-1;-1;mod
401;599;sea;1407;-1;-1;-1;-1;mod
2341;19;sea;1429;-1;-1;-1;-1;mod
1088;5289;sea;7007;-1;-1;-1;-1;mod
5285;1049;sea;1427;-1;-1;-1;-1;mod
1063;2190;sea;1422;-1;-1;-1;-1;mod
2335;5332;sea;7069;-1;-1;-1;-1;mod
2678;2346;sea;7070;-1;-1;-1;-1;mod
2678;2679;sea;7070;-1;-1;-1;-1;mod
2686;2683;sea;1405;-1;-1;-1;-1;mod
383;2683;sea;1405;-1;-1;-1;-1;mod
2686;2684;sea;1405;-1;-1;-1;-1;mod
5343;2277;sea;1408;-1;-1;-1;-1;mod
5341;2404;sea;1355;-1;-1;-1;-1;mod
2688;2687;sea;1415;-1;-1;-1;-1;mod
630;2687;sea;1415;-1;-1;-1;-1;mod
630;623;sea;1415;-1;-1;-1;-1;mod
622;623;sea;7086;-1;-1;-1;-1;mod
5372;624;sea;1416;-1;-1;-1;-1;mod
2102;5287;sea;1427;-1;-1;-1;-1;mod
2233;1060;sea;1424;-1;-1;-1;-1;mod
3206;3088;sea;7036;-1;-1;-1;-1;mod
3718;3723;sea;7025;-1;-1;-1;-1;mod
3105;3693;sea;7037;-1;-1;-1;-1;mod
1963;475;sea;1639;-1;-1;-1;-1;mod
305;475;sea;1639;-1;-1;-1;-1;mod
2420;475;sea;1631;-1;-1;-1;-1;mod
2420;2421;sea;1631;-1;-1;-1;-1;mod
2421;5436;sea;1631;-1;-1;-1;-1;mod
1964;133;sea;1632;-1;-1;-1;-1;mod
1083;473;sea;1637;-1;-1;-1;-1;mod
303;473;sea;1636;-1;-1;-1;-1;mod
303;2418;sea;1636;-1;-1;-1;-1;mod
303;469;sea;1645;-1;-1;-1;-1;mod
5418;2418;sea;1636;-1;-1;-1;-1;mod
2367;2418;sea;1636;-1;-1;-1;-1;mod
2367;474;sea;1636;-1;-1;-1;-1;mod
1083;474;sea;1637;-1;-1;-1;-1;mod
2367;5423;sea;1636;-1;-1;-1;-1;mod
484;2977;sea;1627;-1;-1;-1;-1;mod
484;2734;sea;1647;-1;-1;-1;-1;mod
5118;5119;lake;1884;-1;-1;-1;-1;mod
69;359;lake;1261;-1;-1;-1;-1;mod
676;5605;lake;2205;-1;-1;-1;-1;mod
5602;5601;sea;7042;-1;-1;-1;-1;mod
676;5601;land;2205;-1;-1;-1;-1;land
5881;3396;land;6981;-1;-1;-1;-1;land
5879;6142;land;6981;-1;-1;-1;-1;land
5879;3398;land;6981;-1;-1;-1;-1;land
3135;3718;land;2376;-1;-1;-1;-1;land
3135;3719;land;2376;-1;-1;-1;-1;land
3694;3719;land;2376;-1;-1;-1;-1;land
3694;3720;land;2376;-1;-1;-1;-1;land
3781;3720;land;2376;-1;-1;-1;-1;land
3706;3720;land;2376;-1;-1;-1;-1;land
3968;3720;land;2376;-1;-1;-1;-1;land
3968;3706;land;2376;-1;-1;-1;-1;land
3727;3967;land;2376;-1;-1;-1;-1;land
3366;3966;land;2376;-1;-1;-1;-1;land
3365;3977;land;2376;-1;-1;-1;-1;land
3974;3368;land;2376;-1;-1;-1;-1;land
3973;4237;land;2376;-1;-1;-1;-1;land
3971;3372;land;2376;-1;-1;-1;-1;land
3971;3374;land;2376;-1;-1;-1;-1;land
6522;6523;land;4867;-1;-1;-1;-1;land
3686;3684;land;1056;-1;-1;-1;-1;land
3689;6379;land;1056;-1;-1;-1;-1;land
6323;6325;land;1056;-1;-1;-1;-1;land
3125;3127;land;1944;-1;-1;-1;-1;land
3121;3122;land;1944;-1;-1;-1;-1;land
3119;3120;land;1944;-1;-1;-1;-1;land
3113;3118;land;1944;-1;-1;-1;-1;land
3114;3115;land;1944;-1;-1;-1;-1;land
3131;3662;land;1944;-1;-1;-1;-1;land
6258;3661;land;1944;-1;-1;-1;-1;land
6266;3661;land;1944;-1;-1;-1;-1;land
6267;3664;land;1944;-1;-1;-1;-1;land
6267;3658;land;1944;-1;-1;-1;-1;land
6269;3658;land;1944;-1;-1;-1;-1;land
6269;6272;land;1944;-1;-1;-1;-1;land
6281;6279;land;1944;-1;-1;-1;-1;land
6281;6280;land;1944;-1;-1;-1;-1;land
6281;6284;land;1944;-1;-1;-1;-1;land
6282;6284;land;1944;-1;-1;-1;-1;land
6282;6283;land;1944;-1;-1;-1;-1;land
6637;6222;land;2976;-1;-1;-1;-1;land
6637;6563;land;2976;-1;-1;-1;-1;land
3780;6563;land;2976;-1;-1;-1;-1;land
3780;3711;land;2976;-1;-1;-1;-1;land
5037;5044;land;2001;-1;-1;-1;-1;land
5041;5034;land;2001;-1;-1;-1;-1;land
5041;5035;land;2001;-1;-1;-1;-1;land
5033;5028;land;2001;-1;-1;-1;-1;land
5033;5029;land;2001;-1;-1;-1;-1;land
5031;5027;land;2001;-1;-1;-1;-1;land
2340;797;land;1912;-1;-1;-1;-1;land
729;2977;land;1653;-1;-1;-1;-1;land
729;731;land;1653;-1;-1;-1;-1;land
3285;6179;land;1916;-1;-1;-1;-1;land
3285;6180;land;1916;-1;-1;-1;-1;land
3283;6180;land;1916;-1;-1;-1;-1;land
5716;5811;land;1917;-1;-1;-1;-1;land
5716;5812;land;1917;-1;-1;-1;-1;land
5840;5788;land;1917;-1;-1;-1;-1;land
4833;4836;land;1918;-1;-1;-1;-1;land
4819;4822;land;1919;-1;-1;-1;-1;land
4819;4823;land;1919;-1;-1;-1;-1;land
2764;4818;land;1919;-1;-1;-1;-1;land
2765;607;land;1919;-1;-1;-1;-1;land
5914;2658;land;1919;-1;-1;-1;-1;land
5914;5906;land;1919;-1;-1;-1;-1;land
706;5906;land;1919;-1;-1;-1;-1;land
380;1218;land;1919;-1;-1;-1;-1;land
5907;1218;land;1919;-1;-1;-1;-1;land
5907;5939;land;1919;-1;-1;-1;-1;land
2785;2772;land;1919;-1;-1;-1;-1;land
4804;881;land;1920;-1;-1;-1;-1;land
4804;4805;land;1920;-1;-1;-1;-1;land
2650;2635;land;1920;-1;-1;-1;-1;land
2627;1084;land;1921;-1;-1;-1;-1;land
5274;1857;land;1921;-1;-1;-1;-1;land
842;746;land;1921;-1;-1;-1;-1;land
842;233;land;1921;-1;-1;-1;-1;land
842;2631;land;1921;-1;-1;-1;-1;land
3204;589;land;1921;-1;-1;-1;-1;land
2636;2935;land;1921;-1;-1;-1;-1;land
2636;2649;land;1921;-1;-1;-1;-1;land
52;2649;land;1921;-1;-1;-1;-1;land
2638;2694;land;1921;-1;-1;-1;-1;land
414;286;land;1923;-1;-1;-1;-1;land
1099;809;land;1926;-1;-1;-1;-1;land
1216;548;land;1926;-1;-1;-1;-1;land
4098;2059;land;1928;-1;-1;-1;-1;land
4496;1289;land;1928;-1;-1;-1;-1;land
4496;2163;land;1928;-1;-1;-1;-1;land
4496;4492;land;1928;-1;-1;-1;-1;land
2173;4105;land;1928;-1;-1;-1;-1;land
2173;2063;land;1928;-1;-1;-1;-1;land
4102;2324;land;1929;-1;-1;-1;-1;land
2796;736;land;1929;-1;-1;-1;-1;land
2796;4059;land;1929;-1;-1;-1;-1;land
989;2056;land;1932;-1;-1;-1;-1;land
527;202;land;1932;-1;-1;-1;-1;land
527;200;land;1932;-1;-1;-1;-1;land
527;391;land;1932;-1;-1;-1;-1;land
2092;2231;land;1932;-1;-1;-1;-1;land
2058;1939;land;1932;-1;-1;-1;-1;land
532;2211;land;1932;-1;-1;-1;-1;land
317;98;land;1924;-1;-1;-1;-1;land
317;2409;land;1924;-1;-1;-1;-1;land
317;1248;land;1924;-1;-1;-1;-1;land
2306;1248;land;1924;-1;-1;-1;-1;land
2306;156;land;1924;-1;-1;-1;-1;land
2306;3195;land;1924;-1;-1;-1;-1;land
2504;867;land;1924;-1;-1;-1;-1;land
162;160;land;1924;-1;-1;-1;-1;land
157;4110;land;1924;-1;-1;-1;-1;land
162;4110;land;1924;-1;-1;-1;-1;land
2620;2424;land;1924;-1;-1;-1;-1;land
2620;1940;land;1924;-1;-1;-1;-1;land
2490;1951;land;1924;-1;-1;-1;-1;land
2490;1878;land;1924;-1;-1;-1;-1;land
40;1878;land;1924;-1;-1;-1;-1;land
121;276;land;1924;-1;-1;-1;-1;land
121;269;land;1924;-1;-1;-1;-1;land
121;1760;land;1924;-1;-1;-1;-1;land
4111;2464;land;1924;-1;-1;-1;-1;land
2468;762;land;1924;-1;-1;-1;-1;land
163;1943;land;1924;-1;-1;-1;-1;land
163;164;land;1924;-1;-1;-1;-1;land
163;2460;land;3021;-1;-1;-1;-1;land
335;2460;land;3021;-1;-1;-1;-1;land
2986;2732;land;3021;-1;-1;-1;-1;land
159;268;land;3021;-1;-1;-1;-1;land
151;268;land;3021;-1;-1;-1;-1;land
343;72;land;3021;-1;-1;-1;-1;land
2459;2385;land;3021;-1;-1;-1;-1;land
2459;289;land;3021;-1;-1;-1;-1;land
2032;1959;land;3021;-1;-1;-1;-1;land
2032;310;land;3021;-1;-1;-1;-1;land
2032;295;land;3021;-1;-1;-1;-1;land
2032;2665;land;3021;-1;-1;-1;-1;land
1961;543;land;3021;-1;-1;-1;-1;land
132;543;land;3021;-1;-1;-1;-1;land
309;236;land;3021;-1;-1;-1;-1;land
310;236;land;3021;-1;-1;-1;-1;land
2572;339;land;3021;-1;-1;-1;-1;land
2245;2954;land;3021;-1;-1;-1;-1;land
2048;2248;land;3021;-1;-1;-1;-1;land
2048;2257;land;3021;-1;-1;-1;-1;land
1137;2257;land;3021;-1;-1;-1;-1;land
1137;1124;land;3021;-1;-1;-1;-1;land
69;1124;land;3021;-1;-1;-1;-1;land
840;1093;land;3021;-1;-1;-1;-1;land
840;4863;land;3021;-1;-1;-1;-1;land
693;442;land;2205;-1;-1;-1;-1;land
5460;1973;land;2205;-1;-1;-1;-1;land
5460;455;land;2205;-1;-1;-1;-1;land
449;5479;land;2205;-1;-1;-1;-1;land
449;2370;land;2205;-1;-1;-1;-1;land
1970;2370;land;2205;-1;-1;-1;-1;land
5474;5473;land;2205;-1;-1;-1;-1;land
576;5475;land;2205;-1;-1;-1;-1;land
576;5494;land;2205;-1;-1;-1;-1;land
799;2069;land;2205;-1;-1;-1;-1;land
799;5547;land;2205;-1;-1;-1;-1;land
1075;5399;land;2205;-1;-1;-1;-1;land
5403;2192;land;2205;-1;-1;-1;-1;land
5400;2624;land;2205;-1;-1;-1;-1;land
5403;2918;land;2205;-1;-1;-1;-1;land
539;2918;land;2205;-1;-1;-1;-1;land
5538;2918;land;2205;-1;-1;-1;-1;land
539;5398;land;2205;-1;-1;-1;-1;land
2031;5530;land;2205;-1;-1;-1;-1;land
712;547;land;2205;-1;-1;-1;-1;land
384;5550;land;2205;-1;-1;-1;-1;land
2073;5513;land;2205;-1;-1;-1;-1;land
5546;5664;land;2205;-1;-1;-1;-1;land
5546;5663;land;2205;-1;-1;-1;-1;land
2070;5663;land;2205;-1;-1;-1;-1;land
2438;5663;land;2205;-1;-1;-1;-1;land
2438;5659;land;2205;-1;-1;-1;-1;land
5395;5659;land;2205;-1;-1;-1;-1;land
5658;5388;land;2205;-1;-1;-1;-1;land
5658;5393;land;2205;-1;-1;-1;-1;land
5677;5393;land;2205;-1;-1;-1;-1;land
5678;5394;land;2205;-1;-1;-1;-1;land
5678;5391;land;2205;-1;-1;-1;-1;land
5679;5390;land;2205;-1;-1;-1;-1;land
5680;5389;land;2205;-1;-1;-1;-1;land
5682;1043;land;2205;-1;-1;-1;-1;land
5690;2381;land;2205;-1;-1;-1;-1;land
5690;5385;land;2205;-1;-1;-1;-1;land
5690;5572;land;2205;-1;-1;-1;-1;land
5609;5695;land;2205;-1;-1;-1;-1;land
5609;5694;land;2205;-1;-1;-1;-1;land
4892;5458;land;2205;-1;-1;-1;-1;land
5457;760;land;2205;-1;-1;-1;-1;land
2171;4895;land;2205;-1;-1;-1;-1;land
683;2113;land;2205;-1;-1;-1;-1;land
683;4898;land;2205;-1;-1;-1;-1;land
198;2744;land;2205;-1;-1;-1;-1;land
6462;6461;land;4867;-1;-1;-1;-1;land
6462;6467;land;4867;-1;-1;-1;-1;land
2779;2772;land;1919;-1;-1;-1;-1;land
2779;1138;land;1919;-1;-1;-1;-1;land
2779;5942;land;1919;-1;-1;-1;-1;land
3062;3037;lake;3990;-1;-1;-1;-1;oasis
3062;3124;lake;3990;-1;-1;-1;-1;oasis
3063;3068;lake;4012;-1;-1;-1;-1;oasis
3063;3139;lake;3167;-1;-1;-1;-1;oasis
3082;3137;lake;3166;-1;-1;-1;-1;oasis
4995;5951;lake;3150;-1;-1;-1;-1;oasis
3138;5951;lake;3166;-1;-1;-1;-1;oasis
5009;5013;lake;3988;-1;-1;-1;-1;oasis
5014;5013;lake;3991;-1;-1;-1;-1;oasis
5014;3136;lake;3991;-1;-1;-1;-1;oasis
5014;5015;lake;3991;-1;-1;-1;-1;oasis
3144;3433;lake;3991;-1;-1;-1;-1;oasis
3143;3439;lake;3991;-1;-1;-1;-1;oasis
3142;6309;lake;3170;-1;-1;-1;-1;oasis
3142;3145;lake;3170;-1;-1;-1;-1;oasis
3141;3145;lake;3170;-1;-1;-1;-1;oasis
3141;3140;lake;3170;-1;-1;-1;-1;oasis
5014;3184;lake;3991;-1;-1;-1;-1;oasis
5015;5013;lake;3991;-1;-1;-1;-1;oasis
5082;5075;lake;1891;-1;-1;-1;-1;oasis
5082;5052;lake;1891;-1;-1;-1;-1;oasis
5083;5000;lake;3984;-1;-1;-1;-1;oasis
5083;5084;lake;3984;-1;-1;-1;-1;oasis
5085;5084;lake;3984;-1;-1;-1;-1;oasis
5085;4985;lake;3984;-1;-1;-1;-1;oasis
5087;5059;lake;3983;-1;-1;-1;-1;oasis
5087;5086;lake;3982;-1;-1;-1;-1;oasis
5089;5086;lake;3982;-1;-1;-1;-1;oasis
5089;5088;lake;3982;-1;-1;-1;-1;oasis
5089;5090;lake;3982;-1;-1;-1;-1;oasis
4939;5091;lake;3183;-1;-1;-1;-1;oasis
4934;5128;lake;3183;-1;-1;-1;-1;oasis
5129;5090;lake;3183;-1;-1;-1;-1;oasis
5126;4929;lake;3183;-1;-1;-1;-1;oasis
5126;5127;lake;3183;-1;-1;-1;-1;oasis
5126;5105;lake;3183;-1;-1;-1;-1;oasis
5919;5105;lake;3183;-1;-1;-1;-1;oasis
5919;5092;lake;3183;-1;-1;-1;-1;oasis
5123;5092;lake;3183;-1;-1;-1;-1;oasis
5097;5092;lake;3177;-1;-1;-1;-1;oasis
5097;5096;lake;3177;-1;-1;-1;-1;oasis
5097;5098;lake;3177;-1;-1;-1;-1;oasis
5095;5096;lake;3177;-1;-1;-1;-1;oasis
5095;4561;lake;3177;-1;-1;-1;-1;oasis
5095;5100;lake;3177;-1;-1;-1;-1;oasis
5099;5098;lake;3177;-1;-1;-1;-1;oasis
5099;5103;lake;3177;-1;-1;-1;-1;oasis
5104;5103;lake;3177;-1;-1;-1;-1;oasis
5098;5960;lake;3177;-1;-1;-1;-1;oasis
5106;5960;lake;3177;-1;-1;-1;-1;oasis
5100;5101;lake;3174;-1;-1;-1;-1;oasis
5104;4682;lake;3177;-1;-1;-1;-1;oasis
4678;4682;lake;3171;-1;-1;-1;-1;oasis
4681;4682;lake;3171;-1;-1;-1;-1;oasis
4678;4775;lake;3171;-1;-1;-1;-1;oasis
4681;4677;lake;3171;-1;-1;-1;-1;oasis
4680;4677;lake;3169;-1;-1;-1;-1;oasis
4680;4679;lake;3169;-1;-1;-1;-1;oasis
6443;6409;lake;3147;-1;-1;-1;-1;oasis
6408;6409;lake;3147;-1;-1;-1;-1;oasis
6408;6617;lake;3147;-1;-1;-1;-1;oasis
6383;6387;lake;3148;-1;-1;-1;-1;oasis
6539;6531;lake;3155;-1;-1;-1;-1;oasis
6394;6390;lake;3149;-1;-1;-1;-1;oasis
3942;6452;lake;3151;-1;-1;-1;-1;oasis
3033;3108;lake;4019;-1;-1;-1;-1;oasis
-1;-1;;-1;-1;-1;-1;-1;-1;